lat,long,count
9.25,-70.75,1
-33.25,19.25,2
31.75,-97.25,1
2.25,-75.75,15
52.25,26.25,1
39.75,2.75,1
6.75,121.75,20
-22.75,-51.75,73
60.25,64.75,1
38.75,28.75,1
10.75,123.75,1
7.75,-72.25,3
40.75,-4.25,2
41.75,3.25,1
38.25,15.25,1
42.75,73.25,1
43.75,-98.25,2
-10.25,123.75,4
36.25,127.25,4
-6.75,108.25,11
2.25,37.75,1
23.25,87.75,2
5.25,46.25,1
16.25,100.25,1
62.25,25.75,6
18.25,-63.25,4
43.75,6.25,1
59.25,11.25,5
25.75,91.75,3
38.75,-119.75,4
36.25,37.75,1
15.25,38.75,1
21.75,-78.75,12
17.75,-3.75,3
65.75,22.25,1
37.75,-1.25,1
41.25,-72.75,36
-51.75,-59.75,1
-0.75,36.25,2
18.25,120.75,2
22.75,88.25,75
13.75,100.75,139
63.25,14.75,3
1.75,9.75,18
52.25,5.75,17
42.25,-85.25,1
5.75,-72.75,2
57.75,12.25,1
29.75,76.75,1
-8.25,-74.75,2
-18.75,46.75,18
44.25,4.25,79
-33.75,18.75,39
-11.75,-37.75,1
33.75,-7.25,1
7.25,6.75,7
37.25,14.25,1
-22.25,30.25,1
-21.25,-175.25,1
-20.25,-48.75,1
41.25,-81.25,13
-12.75,28.75,2
43.25,-88.75,3
40.25,-76.75,8
42.25,-83.75,26
29.75,75.25,1
6.75,124.75,2
26.25,79.75,1
-29.25,-49.75,1
42.25,-75.75,12
-7.75,111.25,8
41.25,42.75,1
46.75,-92.25,6
14.25,0.75,7
-9.75,34.75,1
34.75,-120.25,2
43.75,13.25,3
18.75,-99.25,12
46.75,17.25,1
34.25,135.25,1
-17.75,177.25,1
40.75,-83.25,1
11.75,-8.25,1
51.75,7.75,8
22.75,-102.75,4
36.25,-86.75,75
10.75,79.25,4
40.75,24.25,1
34.75,-85.25,1
-13.75,-171.75,2
20.25,-88.75,1
41.75,-72.75,119
24.75,84.75,2
18.25,-96.25,1
47.75,25.75,1
32.75,-93.75,3
54.75,18.75,2
40.75,-89.75,4
42.75,20.75,1
26.75,94.25,1
41.25,24.25,5
61.25,-149.75,20
58.25,12.25,1
18.25,79.25,4
35.75,-86.75,4
6.25,-75.75,167
50.25,3.75,1
-20.75,-51.75,1
26.75,-82.25,1
-34.25,22.25,3
7.25,2.25,1
35.25,-96.75,1
7.75,-1.25,6
3.75,100.75,4
33.25,-80.25,2
51.75,0.25,11
0.75,123.25,7
41.75,-83.25,48
12.25,76.75,8
48.25,19.75,1
40.75,-3.75,1
50.25,-104.75,18
1.75,33.75,1
15.25,80.25,1
23.75,90.75,2
14.25,108.25,88
32.75,-80.25,1
33.25,44.25,9
41.25,-80.25,3
52.25,5.25,181
55.75,13.25,25
44.75,-93.75,5
-23.75,-49.25,1
24.75,90.25,2
52.25,20.75,1
26.25,127.75,3
42.25,-121.75,1
40.75,23.25,1
42.75,-106.25,3
46.75,23.75,4
34.75,-77.25,26
65.25,21.25,1
37.25,127.25,5
-28.25,153.25,83
45.75,-0.75,1
-27.25,-51.25,1
49.75,-119.25,24
45.25,-122.75,25
-26.25,28.75,2
45.25,20.25,2
41.75,69.75,2
3.75,8.75,5
41.25,-100.75,2
41.75,14.25,1
55.25,-118.75,2
-33.75,-60.75,4
50.25,4.75,1
46.25,-118.25,2
10.75,-85.25,1
24.25,-12.75,78
-3.25,37.25,1
5.25,7.75,1
46.75,-120.75,2
7.75,125.25,3
45.75,-62.75,4
16.75,81.75,2
33.75,-84.25,246
53.75,20.25,1
15.25,76.75,4
40.75,72.25,1
20.75,-88.25,4
51.25,22.75,1
51.75,6.25,3
51.25,-0.75,29
25.75,51.75,1
32.25,-117.25,1
42.25,-88.25,44
-7.25,108.25,19
44.75,33.75,6
46.75,-71.25,48
43.75,4.25,2
59.25,10.25,3
25.75,83.75,3
-39.75,175.25,1
-4.75,-37.75,1
-17.75,-51.75,1
50.25,-122.75,1
14.75,101.25,1
47.75,18.25,4
40.75,14.25,44
33.25,-112.75,2
24.25,55.75,8
16.75,80.75,9
42.75,74.75,3
-7.75,-79.25,4
35.25,-93.25,2
32.25,118.75,4
31.75,75.75,1
38.75,117.25,1
-1.25,-78.25,1
17.75,-97.75,67
-22.25,-43.75,1
52.75,-1.25,132
41.75,26.75,1
43.25,-77.75,36
33.75,-117.25,23
43.75,-8.25,1
42.75,-85.75,26
2.25,102.75,2
46.25,23.75,1
41.75,123.25,1
37.75,-97.25,37
16.75,74.75,3
34.25,131.25,1
-0.25,-78.25,2
41.25,14.25,5
31.25,31.75,2
-7.75,110.75,53
33.75,67.75,7
15.25,73.75,1
10.25,-69.25,14
-17.75,-63.25,1
27.25,94.25,2
40.75,17.25,6
1.25,101.25,1
17.25,8.25,1
56.75,14.75,3
40.75,-105.25,15
39.25,21.75,160
42.75,-76.25,1
9.25,8.75,44
14.75,-61.25,2
5.75,100.25,6
38.25,41.25,1
2.75,-60.75,2
-23.25,-46.25,2
40.75,-75.25,10
13.75,2.25,2
41.25,-83.75,5
-21.75,-47.75,1
-15.75,-47.75,429
43.25,-89.25,36
49.25,8.25,8
-13.75,33.75,2
43.75,2.25,1
21.25,106.25,1
49.25,16.75,4
-40.75,174.75,175
51.75,5.75,33
55.75,52.25,1
18.75,99.25,10
42.75,-71.25,240
22.25,70.75,5
33.25,-84.25,2
10.75,-71.75,23
-34.75,138.75,192
7.75,-5.75,5
35.75,-78.75,82
-23.25,150.75,1
-28.25,-48.75,38
29.25,75.25,1
10.75,77.75,1
-6.25,-37.25,1
-25.25,-50.25,2
28.75,-81.25,92
55.25,-1.25,5
-29.75,-71.25,11
8.25,123.75,2
39.25,20.75,1
23.25,114.25,1
53.25,-105.75,3
53.25,-2.75,151
43.25,24.75,4
0.25,9.25,2
10.75,76.25,1
11.25,-72.25,1
35.75,-81.75,5
23.75,85.25,1
48.25,4.25,2
43.25,12.25,4
35.75,-81.25,2
-8.25,118.75,1
10.75,-61.75,3
52.25,1.75,4
35.25,-97.25,32
56.75,24.75,39
27.25,93.75,1
38.75,-9.25,94
30.25,-91.25,11
45.75,-119.25,1
55.25,23.75,24
46.25,-64.75,13
30.75,20.25,1
60.25,8.25,139
31.75,-94.25,1
18.75,-88.25,4
17.25,-96.75,54
52.25,-1.25,3
21.25,-86.75,57
-41.75,-73.75,1
41.75,15.25,2
19.75,-99.25,5
-33.75,-56.75,3
44.25,8.75,9
2.75,101.75,55
-9.25,-35.75,1
54.75,-3.75,6
-5.25,105.25,18
-22.25,-49.75,2
-22.75,-43.75,2
37.25,126.75,6
15.25,-87.75,1
56.75,60.75,2
48.25,0.25,2
-6.25,-77.25,1
18.25,-69.75,18
10.25,-67.25,16
42.75,-114.25,2
36.25,2.75,1
-29.25,-50.75,1
31.25,73.75,1
40.25,-77.25,5
33.75,35.25,50
26.75,50.25,1
43.25,-1.75,5
45.25,12.25,1
19.25,-81.25,1
18.75,78.25,1
18.25,76.25,5
43.75,5.25,4
40.75,-75.75,2
63.25,10.25,13
49.25,-115.75,1
54.75,-7.75,1
32.75,129.75,1
-27.25,-52.75,1
-32.25,115.75,10
5.75,-10.25,1
7.25,-73.75,3
-25.75,-56.25,1
39.75,-75.25,147
41.25,16.75,13
17.75,-66.75,1
-0.25,103.25,1
34.75,69.25,4
10.75,106.25,1
43.25,25.75,2
21.25,83.75,1
29.25,79.75,2
19.25,-70.75,8
56.75,21.25,1
46.25,4.25,1
57.75,14.25,5
35.25,-78.75,9
25.25,86.75,1
50.75,-3.75,2
42.25,24.75,1
16.75,96.25,9
10.25,12.75,1
37.75,41.25,1
-5.75,13.25,2
18.25,-88.75,6
-23.75,29.25,4
35.25,139.25,3
35.75,-117.75,1
40.25,-80.25,2
23.25,-106.25,4
54.25,12.25,1
53.25,-1.25,100
10.25,-85.25,1
43.25,131.75,1
-22.25,-54.75,1
35.75,117.75,1
42.75,25.25,71
-0.75,11.75,1
36.25,6.75,7
35.75,-105.75,25
25.75,88.75,1
62.25,-114.25,4
-25.25,-54.25,3
48.75,-122.75,1
32.75,-115.25,19
52.25,9.75,10
18.25,-76.75,4
41.25,-75.75,6
39.75,-84.25,20
13.75,121.75,6
-19.75,-40.75,2
52.75,13.25,125
47.75,-121.75,5
-22.25,-49.25,5
9.75,-83.25,1
42.75,11.25,3
22.25,-79.75,1
50.75,-114.75,1
20.75,85.25,1
28.25,-82.75,37
46.25,-80.75,4
-6.75,112.25,1
35.25,126.75,2
40.75,-73.75,206
36.75,30.75,9
-20.25,-50.25,1
-23.75,30.25,2
41.25,-92.25,1
60.25,25.75,2
-41.25,147.25,4
45.75,4.75,28
57.25,14.25,1
22.75,75.75,16
-6.75,107.75,473
21.25,-157.75,40
-20.75,-47.75,2
19.75,77.25,1
11.25,77.75,3
22.25,103.75,1
9.25,-66.25,6
42.25,-70.75,14
48.75,44.75,1
56.75,16.25,1
42.75,-6.75,1
14.75,120.75,518
1.75,110.25,55
57.25,-2.25,1
-5.25,39.75,1
39.75,30.75,2
52.25,6.25,8
29.75,52.75,1
28.75,76.75,1
3.25,32.75,1
22.75,114.25,11
44.25,20.75,6
29.25,77.75,1
-13.75,-71.75,4
-24.25,-46.75,1
-12.75,-38.25,2
37.75,21.25,1
22.25,70.25,2
69.75,18.75,6
63.25,7.75,2
31.75,74.25,47
38.25,140.25,1
47.25,-122.75,20
12.25,109.25,1
-12.25,-75.25,1
31.25,-109.75,3
23.25,75.25,1
51.25,6.75,14
46.75,35.25,1
-20.25,-43.75,1
6.75,3.75,1
19.25,73.25,17
44.75,19.25,1
45.75,8.75,16
37.75,23.75,12
-18.75,-49.25,1
-43.75,172.75,33
20.75,78.75,667
45.25,16.25,1
-29.25,27.25,2
40.25,32.75,2
-22.75,-47.75,3
30.25,-88.75,2
14.25,121.75,2
45.75,-73.75,265
-4.25,-69.75,3
-23.25,-57.25,19
22.25,82.25,3
10.25,-75.25,1
48.25,11.75,40
-36.75,-72.75,2
42.75,-84.25,16
-23.75,-48.75,1
17.75,-92.75,8
49.25,18.75,4
44.25,-88.25,4
9.25,38.75,4
60.75,16.75,1
40.75,8.25,1
24.75,-107.25,5
-6.25,108.25,4
8.25,76.75,6
13.75,-89.25,7
51.75,6.75,23
8.25,-11.75,3
-7.25,109.75,3
55.25,13.25,1
21.75,83.75,1
-27.25,-48.75,5
30.25,115.25,1
-3.75,-39.25,1
44.25,-70.75,1
39.25,33.25,2
19.75,85.75,1
15.25,120.75,43
-9.75,160.25,1
20.75,-77.25,7
25.75,-108.75,3
41.25,-7.75,1
47.75,1.75,3
21.25,73.25,1
56.75,23.25,1
34.25,-90.75,1
-3.25,-168.75,1
15.75,77.25,2
35.75,127.75,57
2.25,112.75,2
42.25,22.75,1
34.75,136.25,1
41.75,13.75,1
51.25,9.75,5
5.75,-73.75,1
42.25,-97.25,13
-30.25,153.25,8
11.75,75.25,1
44.25,-79.25,1
-7.75,-35.25,1
10.25,-84.75,1
-18.75,-40.75,1
19.25,84.75,1
52.75,0.25,7
-30.25,-51.25,48
27.25,78.25,3
38.25,27.25,25
55.75,-2.25,1
-1.25,116.75,53
-37.75,-67.75,1
-7.25,111.25,5
-21.25,-47.75,1
35.25,-79.25,7
-35.75,-63.75,1
2.75,99.75,2
51.75,8.25,2
23.75,120.75,27
5.75,116.25,44
36.75,3.25,1
31.75,35.75,53
-22.25,-43.25,1
34.25,-82.25,3
59.25,18.25,178
33.75,73.25,53
-38.75,176.25,1
56.25,-3.75,19
-36.75,-73.25,2
45.75,15.75,27
-37.25,174.75,1
40.25,-86.75,7
5.25,118.25,2
51.75,-3.75,8
30.75,-87.75,1
-17.75,-149.75,3
-23.75,-47.25,4
50.25,8.75,20
35.25,-89.75,1
12.75,-69.75,19
8.25,4.75,1
41.25,64.75,1
38.75,16.25,1
58.25,-6.25,6
-29.25,-51.25,7
37.25,-76.25,1
21.25,105.25,9
61.25,10.25,2
5.25,-74.75,3
51.75,55.25,1
-29.25,167.75,20
-20.75,-43.75,1
43.75,-80.25,28
50.75,8.25,3
7.25,100.75,1
-5.25,119.25,168
53.25,-3.25,11
-20.25,-45.25,1
22.25,73.25,12
58.75,25.25,5
26.75,30.75,116
52.25,6.75,30
27.75,83.25,1
14.25,-90.75,3
46.25,-71.75,3
40.25,22.75,2
39.75,-105.25,60
43.75,-116.75,1
45.75,12.25,11
19.75,75.75,1
5.25,97.25,8
-4.75,55.25,106
42.25,-71.25,396
41.75,21.25,19
61.75,105.25,33
33.75,-117.75,86
45.75,-77.25,8
32.75,70.75,1
40.25,29.25,5
42.25,-85.75,6
54.75,55.75,1
43.25,1.75,1
40.75,-96.75,44
8.75,98.25,1
30.25,-97.75,2
-3.75,-79.75,3
36.25,-76.25,4
20.75,-74.75,1
49.75,11.25,1
14.75,-90.75,13
-33.75,18.25,717
-35.25,139.25,1
3.25,101.25,22
9.75,122.75,40
-35.25,149.25,83
62.75,17.75,2
46.75,-96.75,6
-7.75,112.75,114
-34.75,-56.25,49
-24.75,152.25,2
11.75,124.75,1
58.75,15.25,3
38.25,-78.75,1
22.75,73.25,1
-0.75,119.75,6
44.25,-80.25,7
-12.25,96.75,20
48.25,10.75,2
37.25,-113.75,2
43.25,-79.25,47
59.75,16.75,1
39.75,-8.75,2
32.25,71.25,1
-21.25,149.25,2
38.75,-92.25,2
2.25,117.25,1
-2.75,-41.75,2
31.25,56.75,1
27.75,78.25,5
53.25,16.75,4
51.75,7.25,58
36.25,-119.25,3
55.25,10.25,2
41.75,-86.75,95
13.25,80.25,104
18.25,77.25,1
49.25,6.75,3
-15.75,35.25,4
45.75,-72.25,1
10.25,77.75,1
-1.25,-47.25,1
18.25,-67.25,4
13.75,121.25,31
14.75,120.25,13
48.75,-123.75,6
41.25,20.75,1
30.25,120.25,2
34.75,-118.25,3
50.75,7.25,23
55.25,-3.25,226
-39.25,-67.75,2
0.25,101.75,1
42.25,-7.75,1
28.75,-100.75,2
4.25,117.75,9
30.25,76.75,2
50.25,7.75,2
27.75,68.75,1
32.75,35.75,2
-26.75,-49.25,6
37.75,-121.25,5
2.25,-76.75,6
-36.75,174.75,125
60.75,11.25,3
45.75,-66.75,20
11.25,76.25,1
48.75,-57.75,1
40.75,22.75,41
42.25,-91.75,7
26.25,87.25,1
62.75,22.75,1
-15.75,-56.25,6
39.75,-77.75,4
42.75,-79.25,14
-49.25,69.25,1
22.75,108.25,1
4.25,-75.25,6
9.75,44.25,2
28.25,70.25,1
54.25,10.25,2
21.25,75.75,1
54.25,-6.25,4
35.25,-119.25,6
42.75,21.25,3
-13.25,-39.25,2
42.25,11.75,1
25.75,-97.75,1
47.75,6.75,2
54.25,-1.25,1
10.25,122.75,5
26.25,73.75,1
30.75,77.25,2
30.25,76.25,4
43.75,1.25,19
35.75,-97.25,3
32.25,-110.75,43
47.75,-3.75,1
-26.25,-49.25,2
34.75,-117.25,4
-21.25,31.75,1
46.25,14.75,26
27.75,81.75,1
35.25,-2.75,2
-17.25,-66.25,13
51.25,1.25,28
32.25,-99.75,1
35.25,-97.75,48
41.75,-8.75,2
20.75,72.75,1
7.25,79.75,1
-29.75,-51.25,8
24.25,88.25,1
36.75,138.25,2
33.25,10.75,1
20.25,-98.75,5
39.75,-94.75,2
4.75,115.25,2
-16.75,179.25,21
28.25,-16.75,2
49.75,24.25,1
14.25,-89.75,11
6.25,-75.25,3
50.75,11.25,4
9.75,-84.75,1
53.75,-2.25,44
49.25,-0.25,2
0.75,104.25,7
35.25,-90.25,27
43.25,3.25,1
43.25,13.75,1
-0.25,36.25,3
-8.75,122.25,2
51.25,0.25,12
26.75,88.75,3
9.25,-69.75,1
50.25,-105.75,2
56.75,37.25,1
28.25,1.75,23
52.25,7.25,1
22.75,71.75,1
56.25,-120.75,6
7.25,80.25,1
26.25,50.75,7
42.75,23.25,48
43.25,-0.25,2
45.25,15.75,1
47.75,-122.75,10
40.25,-3.75,232
38.75,-1.25,1
42.25,-79.25,1
64.25,-21.75,12
-5.25,-37.25,3
6.75,110.25,1
19.25,-71.25,1
45.75,-111.25,2
46.25,24.25,5
-0.25,-78.75,53
55.25,-1.75,1
34.75,-90.25,3
-5.25,145.75,1
6.75,3.25,1
33.25,-111.25,15
-31.25,152.75,3
49.75,8.25,8
22.75,72.75,2
12.75,77.25,1
13.75,-60.75,9
-20.75,-45.25,1
39.25,22.75,3
-8.25,-35.75,2
38.75,-104.75,22
-2.25,113.75,15
39.25,-87.25,2
33.75,-116.25,10
46.75,26.75,98
32.25,-89.75,9
5.25,-1.25,1
33.75,35.75,61
18.75,-70.75,5
-31.25,-64.25,6
7.75,-67.25,1
52.25,10.75,3
37.25,-121.75,82
-26.75,26.75,6
37.75,-0.75,44
14.25,-14.25,4
25.25,55.25,331
27.25,-82.75,18
12.75,123.75,1
32.25,-64.75,10
39.75,32.75,31
6.25,2.25,1
-2.25,-80.75,1
-3.25,-60.75,1
43.75,4.75,1
55.25,11.25,1
51.75,9.25,1
-5.25,-38.25,1
34.25,-119.25,4
32.75,-16.75,2
50.25,30.75,9
52.25,0.25,18
31.25,75.75,8
48.75,8.25,1
27.75,-105.25,1
-26.75,-57.25,4
49.75,16.75,1
41.25,22.75,2
44.75,-122.75,5
33.25,-92.75,1
-25.75,28.25,144
-6.25,-76.75,2
-1.75,-48.75,1
28.25,77.25,33
17.25,104.25,2
45.75,24.75,53
-3.75,128.25,4
42.75,-88.25,6
53.75,10.25,61
39.25,-94.75,39
-7.75,112.25,31
-32.25,25.75,1
-22.75,-45.25,3
-2.25,-79.75,85
28.75,77.25,351
38.25,141.25,1
25.75,-80.25,237
7.25,125.75,10
58.25,7.75,10
12.75,30.25,9
35.25,-106.25,1
27.75,-82.75,26
10.25,123.75,92
4.25,118.75,1
40.75,8.75,4
33.25,-104.75,4
-23.25,-45.25,1
36.25,-96.25,1
12.75,104.75,6
10.75,-68.25,1
43.75,39.75,1
-28.25,26.75,63
30.25,31.25,89
-1.25,37.25,2
46.75,21.25,1
34.25,-101.75,3
53.25,-110.25,1
43.75,12.25,5
23.75,72.75,2
-3.25,-60.25,15
20.75,86.25,1
38.25,-122.25,14
43.25,-88.25,19
27.25,-99.75,7
36.75,-119.75,17
44.25,-69.75,4
9.25,118.25,2
56.25,-3.25,223
49.75,21.75,1
-4.25,-63.25,1
42.75,19.25,8
31.25,120.75,2
9.75,79.25,1
30.75,-97.75,7
0.75,108.75,4
26.25,-81.75,18
42.25,12.75,3
31.75,105.75,1
7.75,123.25,3
39.25,-3.25,1
48.25,14.25,3
7.75,134.75,4
20.75,-100.75,1
13.25,123.75,8
56.75,24.25,17
48.25,-101.25,1
34.25,-88.75,1
30.75,-81.75,2
-16.25,33.75,1
51.25,17.25,2
49.75,6.75,2
29.75,78.25,1
53.25,10.25,1
54.25,-1.75,1
12.75,80.25,1
44.25,-88.75,3
25.75,85.25,12
31.25,115.25,1
45.75,20.25,2
29.25,-80.75,6
50.25,-110.75,3
45.25,-73.25,1
38.75,-92.75,1
42.75,-81.25,4
-22.25,-47.75,3
19.25,-99.25,37
41.25,-80.75,9
42.25,-8.75,5
-22.75,18.25,4
-25.25,30.75,3
-29.25,-51.75,2
34.25,-81.25,1
55.25,86.25,1
18.75,-72.25,5
43.75,13.75,6
60.25,23.25,1
54.25,13.25,2
34.25,-118.75,28
42.25,20.75,1
49.25,9.75,1
40.25,-85.75,2
11.75,108.25,2
-35.25,147.25,6
27.25,67.75,1
19.75,-71.75,10
46.25,-79.25,7
60.75,26.75,1
47.75,-117.25,12
-7.75,109.25,5
29.75,78.75,1
38.75,-93.25,1
-6.75,39.25,10
33.75,-79.25,2
35.25,-114.25,1
16.25,102.75,2
38.75,-1.75,13
7.25,3.75,4
41.25,-87.25,8
44.75,21.25,1
32.75,-105.75,1
31.25,-85.25,2
-20.75,-41.25,2
-3.75,-73.25,1
57.25,16.25,1
-46.25,168.25,1
43.25,-8.25,2
23.25,113.75,1
-4.25,104.25,2
30.75,-87.25,13
-28.75,153.25,4
31.25,32.25,2
24.25,-104.75,1
15.25,18.75,1
-2.75,115.25,2
58.75,13.25,1
18.75,-97.25,3
38.75,-0.25,4
53.75,-0.25,16
-25.25,-49.25,45
29.75,-95.75,1
55.75,12.75,86
38.25,21.75,6
38.75,-3.75,3
52.25,11.75,1
34.75,33.25,1
-21.75,-48.75,1
42.25,43.25,45
41.75,8.75,1
19.75,72.75,1
-17.75,25.75,20
21.25,-158.25,1
19.25,-103.75,5
49.25,17.25,1
32.25,-81.75,1
55.25,8.25,1
41.75,-70.75,4
48.25,9.25,3
-38.75,-72.75,17
53.25,-112.75,1
8.75,-70.25,2
22.75,-82.25,2
27.75,-97.25,10
-0.25,-50.25,3
44.75,-73.25,8
-7.25,-79.25,1
27.75,30.75,4
40.25,47.75,19
52.75,-113.75,1
43.75,-78.25,3
11.75,79.75,1
-41.25,146.25,1
39.75,116.25,40
-19.75,23.25,1
-24.75,-53.25,3
41.75,-81.25,8
-41.75,173.75,1
43.25,12.75,1
34.25,-117.75,299
20.75,-156.25,1
44.25,7.75,1
40.75,-98.25,14
15.25,103.25,1
35.75,-100.75,10
39.75,-119.25,1
44.25,24.25,2
15.75,80.25,4
51.75,46.75,23
-16.75,-49.25,16
-7.75,113.75,3
34.75,-97.75,1
21.75,72.75,1
6.25,100.25,8
48.75,2.75,3
40.75,-124.25,11
34.25,35.75,1
59.25,28.25,1
13.25,-59.75,16
-7.25,-35.75,4
36.75,-114.25,4
2.75,24.75,1
-41.25,174.75,2
52.75,9.25,1
40.25,-78.75,1
9.25,-75.25,3
16.75,104.75,1
32.25,75.75,3
14.25,120.25,3
46.25,8.75,2
18.25,83.75,1
-2.75,107.75,3
-38.25,-57.75,4
16.25,120.25,1
21.25,79.25,12
-26.75,-48.75,2
37.75,-122.25,171
6.25,125.75,3
43.75,-93.25,54
9.25,14.75,1
54.75,-1.25,36
18.25,76.75,2
40.25,23.75,1
26.25,80.25,11
30.75,75.75,8
4.75,114.75,44
-5.25,120.25,2
40.75,17.75,2
13.75,74.75,1
46.75,8.25,70
21.25,76.75,1
-38.75,-58.75,1
39.75,3.25,1
45.25,-71.75,1
-1.25,-78.75,1
49.25,-121.75,5
9.75,118.75,2
51.75,0.75,5
45.75,-94.25,1
43.75,24.75,1
4.75,-75.75,14
60.25,5.25,28
37.25,-94.75,3
16.25,-95.25,1
41.75,-111.75,6
43.25,-116.25,1
41.25,17.25,1
27.25,14.25,26
45.25,9.75,6
-18.25,31.25,1
3.75,72.75,1
47.25,39.75,1
-22.25,-42.75,1
9.25,42.25,1
46.25,-71.25,1
-7.25,107.75,7
36.75,-94.75,1
42.75,-87.75,16
26.25,76.25,1
36.25,-93.75,1
23.25,53.75,54
52.25,13.25,7
-25.75,31.25,1
11.25,-60.75,15
58.75,5.75,13
-14.25,-170.25,20
56.25,10.25,7
49.75,6.25,17
-18.25,-47.75,1
6.75,2.75,1
39.75,19.75,1
-33.25,-71.75,34
45.75,9.25,33
50.75,-1.75,24
13.75,101.25,1
5.25,7.25,1
40.75,-112.25,2
32.25,-90.25,1
35.75,128.75,6
23.25,113.25,5
37.75,-5.25,5
38.75,-120.75,4
-19.25,-42.75,1
42.75,-78.25,4
13.25,-16.75,1
-30.75,-71.25,1
38.25,-86.75,1
13.25,103.25,1
57.25,12.25,2
46.75,-84.25,9
21.75,-71.75,2
41.25,-81.75,108
52.25,77.25,1
-8.75,-35.75,2
22.25,78.75,1
39.75,-82.25,1
36.75,28.25,3
-0.25,-0.25,11
39.25,-9.25,5
32.25,-80.75,24
5.25,100.25,11
27.25,88.75,2
15.75,76.75,3
27.75,118.75,7
-32.75,25.75,15
18.25,105.75,1
15.75,108.25,1
17.25,75.75,44
6.25,-66.75,221
34.25,-103.25,1
57.75,25.25,3
5.75,-54.25,1
44.75,9.25,1
22.25,68.75,1
14.25,15.25,2
-28.25,30.25,12
29.75,-81.25,2
-8.25,112.75,1
22.75,77.75,1
51.25,-3.75,3
21.25,105.75,41
50.25,1.75,2
12.25,13.75,2
43.75,-70.25,2
10.75,79.75,1
6.75,20.75,56
44.75,-92.75,4
51.75,-8.25,26
35.75,139.75,75
61.25,28.25,1
28.25,-82.25,53
56.75,-111.25,8
17.25,-88.25,6
-39.25,174.25,3
43.25,11.75,3
45.75,-122.75,733
5.75,101.25,1
20.75,-156.75,1
18.75,-91.75,1
40.75,-90.25,1
-8.25,112.25,3
53.25,-6.25,2
-35.25,-71.75,10
53.75,-1.25,12
-0.75,-77.75,2
35.75,-87.25,25
48.25,16.25,49
26.75,-11.75,1
50.25,-3.75,3
51.25,4.75,7
36.25,-95.75,25
-33.25,-58.75,1
6.25,125.25,3
20.25,-103.25,2
-34.25,-58.75,3
23.25,79.75,5
33.25,-96.25,15
-33.75,22.25,2
43.75,10.25,10
41.75,-83.75,15
12.25,77.25,1
59.75,17.75,16
28.25,68.25,1
59.25,26.25,1
-8.75,-63.75,3
19.25,-98.25,65
9.75,125.25,3
37.25,9.75,2
-23.75,-70.25,9
-16.25,-54.75,2
9.75,-84.25,29
35.25,136.75,7
52.75,8.25,2
19.75,-97.25,1
51.75,-2.75,1
34.25,73.25,6
62.75,27.75,1
-28.75,114.75,2
46.25,9.75,1
25.25,51.25,30
9.25,15.75,1
42.75,1.75,5
8.75,-82.75,1
38.75,-94.25,1
35.25,135.75,3
53.25,8.25,1
40.25,-86.25,2
47.75,-52.75,22
-30.25,-52.75,1
24.75,81.25,2
15.75,-90.25,133
-37.75,140.75,3
50.75,12.25,4
4.25,114.25,12
39.75,34.75,1
-6.75,109.75,6
39.25,-74.25,21
30.25,-89.75,1
45.25,-73.75,6
46.75,103.75,8
45.75,24.25,2
44.75,-0.75,20
27.25,56.25,2
-0.25,-67.25,1
38.25,-121.25,2
47.75,16.75,1
-1.75,15.75,1
18.25,-77.25,23
-32.75,-57.75,1
50.25,-66.25,1
43.25,-124.25,1
41.25,19.25,1
45.25,8.75,9
-17.25,-72.25,1
9.75,76.25,9
-6.25,34.75,11
-22.25,-46.75,4
23.25,87.25,1
37.75,27.25,1
50.75,-111.75,1
14.25,-87.25,17
-22.75,-50.25,1
49.25,-122.25,16
42.25,24.25,1
40.25,-3.25,1
-38.25,142.25,2
5.75,-76.75,1
20.25,-104.75,4
41.25,-71.25,17
10.25,-84.25,22
35.25,-85.25,9
45.75,8.25,3
22.75,113.75,1
40.75,25.75,1
-20.75,-49.25,3
29.75,-90.75,1
2.25,102.25,21
53.25,18.25,2
-37.75,145.25,52
47.75,13.25,3
42.75,-73.75,49
39.25,8.75,1
42.25,-93.75,4
-7.25,111.75,7
1.25,103.75,897
-22.25,166.25,1
42.75,-86.25,22
-13.25,-74.25,2
48.25,-1.75,5
20.75,-105.25,5
14.75,-91.75,2
-0.75,100.75,26
32.75,-117.25,232
46.75,6.75,10
52.25,13.75,1
41.25,-73.75,12
-25.75,-48.75,1
-22.25,-68.75,1
9.75,-63.25,1
35.25,-111.75,7
46.25,-74.25,1
29.25,-82.25,7
43.75,-5.75,5
31.25,-110.75,1
16.25,-16.25,1
-32.75,152.25,4
23.25,86.25,1
38.25,-84.25,1
-9.25,-38.25,2
32.75,73.75,1
67.75,20.25,1
44.75,8.25,5
20.25,-75.25,1
-27.75,26.75,3
-16.25,-41.25,1
9.75,123.75,3
41.25,-82.25,6
41.25,28.75,175
-34.75,150.75,2
37.25,-4.25,4
-3.25,114.25,1
-20.75,-40.75,1
32.25,-81.25,7
45.75,18.75,1
31.75,-7.75,4
42.25,-72.75,65
50.75,-2.25,8
31.25,34.75,28
37.75,-89.25,2
12.75,-85.25,22
33.75,130.75,3
39.25,-8.25,143
16.75,75.75,1
48.25,-79.25,1
8.75,125.75,8
51.75,-0.25,1889
39.25,-78.25,1
28.75,78.75,1
34.75,38.75,8
50.25,4.25,1
35.75,-79.25,12
44.25,20.25,2
52.75,6.75,4
29.25,75.75,2
58.75,16.25,4
4.75,-52.25,2
28.75,-80.75,5
35.75,-83.75,19
10.25,79.25,1
44.75,11.75,4
20.25,74.75,1
48.75,2.25,337
43.75,-90.75,1
36.75,116.75,1
30.75,-95.75,11
40.75,-88.75,5
17.25,79.25,1
44.75,18.75,2
-0.75,113.75,1560
38.75,-77.25,474
-31.25,-61.25,1
39.75,-121.75,9
43.25,-73.75,1
27.25,-80.25,8
17.75,100.25,4
38.25,22.25,1
19.25,-104.25,1
51.25,3.25,8
24.75,86.75,1
53.75,-1.75,110
41.75,-82.25,1
61.75,28.75,1
-6.75,105.75,2
-2.75,-44.25,1
39.25,-104.75,4
11.75,104.75,13
-19.25,-40.25,1
45.75,126.75,3
10.25,-73.25,6
39.75,140.25,1
45.25,1.75,1
43.25,-76.75,2
17.25,121.75,1
4.75,114.25,6
13.75,123.25,14
49.25,5.25,1
42.75,9.25,1
2.75,102.75,3
53.75,-3.25,28
38.75,0.25,3
31.75,120.25,1
53.75,-2.75,42
-1.75,-79.25,2
-0.25,35.75,1
41.25,2.25,7
28.25,73.25,2
42.25,48.25,1
-1.75,29.25,1
-33.75,25.75,27
18.25,-69.25,1
10.25,-66.75,150
39.25,34.25,1
24.25,75.25,1
41.25,21.25,1
18.25,99.25,2
49.25,11.25,5
49.25,12.75,1
25.25,119.25,1
-6.25,107.75,1
39.25,-77.75,1
39.25,-76.75,151
-2.75,104.75,57
35.75,3.25,1
47.25,28.25,2
31.25,-100.25,2
46.25,16.25,3
-28.75,31.75,1
54.25,-8.25,4
30.25,75.75,3
21.25,-89.75,1
37.25,-120.75,5
12.25,6.75,1
44.25,-73.25,51
44.25,-77.25,11
45.75,11.25,1
42.75,-1.75,5
3.75,102.25,3
50.75,3.25,21
46.75,-123.75,46
24.75,-81.75,2
10.75,106.75,17
-34.75,149.75,1
16.25,121.25,2
-7.25,109.25,16
37.25,59.75,1
60.25,19.75,1
27.75,85.25,53
-33.25,26.75,9
7.75,4.25,1
45.25,-92.75,4
34.25,-84.25,16
20.25,-75.75,4
52.75,-4.25,1
52.25,14.75,22
29.75,-98.25,2
19.75,105.75,1
48.25,-0.75,6
22.25,57.75,1
-33.25,115.75,2
13.75,99.75,2
51.25,2.75,2
-17.75,31.25,9
32.25,-96.75,1
5.25,116.25,4
47.75,11.25,1
-6.75,110.75,5
28.25,-15.25,4
-3.25,-44.75,3
39.25,-121.75,2
46.25,18.75,1
42.75,-84.75,9
13.25,144.75,2
60.25,-1.25,4
-8.75,125.75,4
47.25,6.25,4
60.75,-135.25,5
44.75,11.25,3
-2.75,-79.25,1
55.75,-3.75,15
45.25,-79.25,2
41.25,-74.25,3
41.25,30.75,1
39.75,-84.75,79
43.25,-2.75,5
26.25,90.25,2
13.25,120.75,1
40.25,-105.25,91
-1.25,-79.75,1
51.75,19.25,65
39.25,-82.25,133
25.25,82.75,1
32.25,20.25,11
-28.75,-49.25,4
3.25,113.25,5
39.25,17.25,1
38.25,-85.75,3
-6.75,108.75,16
1.75,103.75,9
-31.75,152.25,1
21.75,39.25,54
40.75,-74.25,964
3.25,102.25,2
13.25,100.75,6
38.25,140.75,1
43.25,-3.25,5
27.75,-82.25,42
4.75,-75.25,1
46.75,0.25,3
52.75,6.25,13
46.75,7.75,1
36.25,-79.75,1
5.25,103.25,8
22.25,87.75,2
51.25,-2.25,24
34.75,-92.25,24
41.75,21.75,8
-1.75,-79.75,1
-4.75,120.25,2
41.75,-73.75,75
43.75,8.25,1
52.75,1.25,36
14.75,121.25,439
52.75,-3.25,4
54.75,-6.25,4
52.25,113.75,1
50.25,19.75,3
51.25,7.75,3
41.25,12.75,3
32.75,-96.75,150
-20.25,-54.75,10
8.25,-62.75,3
26.75,85.25,63
50.75,11.75,1
64.75,24.25,1
13.75,79.25,4
51.75,-2.25,24
38.75,29.25,545
-1.75,106.25,1
60.75,25.75,1
35.25,24.25,5
36.25,-84.25,1
10.75,76.75,1
50.75,4.75,13
48.75,19.75,20
52.75,5.25,10
3.25,-76.25,1
-34.75,-71.25,2
11.75,9.25,1
-28.75,24.75,4
-25.25,-56.25,2
22.25,88.25,1
33.25,-117.75,7
47.75,-111.25,3
44.75,-68.75,5
40.75,0.75,2
35.75,-80.25,12
37.25,-6.75,2
78.25,15.75,1
4.25,98.25,3
32.75,-116.75,2
29.75,-89.75,1
41.75,-85.75,1
23.75,85.75,1
45.25,7.75,13
23.25,116.75,1
46.25,-117.25,2
46.25,11.25,3
22.25,82.75,1
48.75,-2.75,1
-36.25,145.25,1
41.25,-112.25,18
60.25,18.75,233
8.25,-63.75,1
47.25,15.25,6
35.75,-90.75,1
17.75,75.75,1
41.75,-89.75,1
50.25,-4.75,3
44.25,12.75,5
38.75,-90.25,121
45.75,27.25,1
13.75,-88.75,57
32.75,34.75,1
25.25,74.75,1
37.75,32.75,8
46.25,18.25,2
27.75,-15.75,27
-29.75,31.25,109
21.75,-102.25,12
56.75,61.25,1
26.25,-80.25,62
41.25,1.75,3
26.25,85.25,1
10.25,-68.25,55
40.75,-74.75,10
47.25,9.75,1
45.75,10.25,7
0.75,103.25,1
-23.25,-46.75,17
2.25,103.75,5
11.75,122.75,2
-37.75,176.25,5
25.25,121.75,21
5.75,95.25,33
43.25,2.25,1
39.25,-77.25,20
6.75,79.75,47
14.75,-89.75,1
52.25,8.25,2
49.25,-124.75,1
54.75,-5.75,41
39.25,-84.75,86
-0.75,100.25,18
59.25,16.75,5
30.25,71.25,1
49.25,2.25,2
4.75,-74.25,902
44.25,-79.75,27
50.75,33.25,1
-12.25,-39.75,1
-32.75,-71.25,3
37.75,40.25,1
-37.25,-59.25,5
17.25,81.75,2
41.75,12.75,193
19.25,-98.75,3
17.25,145.25,88
44.25,15.25,3
-7.25,110.75,1
10.25,124.75,2
27.75,79.75,1
39.25,-119.75,3
34.75,-112.25,2
45.25,-93.25,60
15.25,-90.25,1
35.75,-80.75,2
51.25,4.25,32
-37.25,-72.25,3
48.75,13.25,1
5.75,102.25,2
16.75,73.25,1
8.75,76.75,4
47.25,8.25,2
0.25,117.25,9
38.25,15.75,1
39.25,-1.25,1
38.25,46.25,3
-20.75,-48.75,1
-7.25,-42.25,1
36.25,-121.25,1
34.75,135.25,4
-0.75,30.75,1
62.25,6.25,2
-8.75,13.25,6
42.25,-88.75,1
10.75,-66.75,6
29.25,78.25,1
16.25,-89.25,1
54.25,18.25,1
40.75,141.75,1
10.75,7.25,3
-24.75,25.75,14
5.75,125.25,5
50.25,14.25,20
-1.25,-80.25,4
32.75,-114.25,1
10.25,105.75,1
53.25,-7.75,2
40.75,13.75,1
41.75,2.75,3
47.25,-122.25,95
52.75,5.75,3
-33.75,19.25,30
40.25,-111.75,14
21.25,-104.75,1
43.75,0.75,1
-23.75,-52.75,2
46.25,-73.25,2
-25.25,31.25,4
38.25,67.75,40
40.25,-7.75,1
40.25,-88.25,7
47.75,12.25,1
-3.25,102.75,1
-9.25,-78.75,2
11.25,104.75,1
30.25,-107.75,1
46.25,27.75,1
1.75,101.25,1
42.75,-2.75,1
36.75,140.75,4
43.25,68.25,1
41.25,13.75,3
40.75,-72.75,1
3.25,101.75,491
43.75,-79.75,108
-7.25,-48.25,1
-20.25,-50.75,4
48.75,-78.25,1
44.75,22.75,1
41.75,-103.75,1
12.75,79.25,5
21.25,-101.75,409
23.75,90.25,40
24.25,72.25,2
43.75,-91.25,6
5.25,96.75,1
-8.25,-34.75,20
50.75,4.25,213
58.25,11.75,1
42.25,-71.75,12
-1.75,-78.25,114
18.75,-96.75,45
29.25,47.25,102
20.25,77.25,1
46.75,26.25,1
33.75,-118.25,113
53.75,-113.75,9
54.75,-1.75,63
6.25,80.25,3
42.75,27.25,1
40.75,-80.75,1
54.75,-128.75,4
32.75,-100.75,1
33.25,-87.75,1
7.75,81.75,1
-1.75,103.75,2
-7.25,112.25,11
-12.75,28.25,3
45.25,-122.25,1
-3.75,102.25,6
-13.25,-76.25,4
37.25,-7.25,2
56.75,12.75,1
29.25,76.75,1
9.75,123.25,1
20.25,72.75,1
32.25,70.25,1
19.25,-97.75,22
45.25,25.75,1
40.25,-84.25,12
24.25,89.25,1
29.75,-95.25,150
0.25,101.25,3
40.75,111.75,1
-0.75,134.25,1
22.75,89.25,1
46.75,-87.25,3
11.25,-74.75,3
35.75,-97.75,3
-3.75,-38.25,1
25.25,-111.75,1
41.25,25.25,1
55.75,-4.25,17
35.75,-82.75,43
32.25,-106.75,7
-4.75,11.75,2
11.25,42.75,1
-33.75,-71.25,2
-11.75,19.75,2
65.75,24.25,16
27.75,-101.25,1
-23.25,-64.25,5
41.75,-87.25,17
14.25,120.75,76
-17.75,-39.25,33
48.25,-4.25,3
36.75,120.75,1
20.25,-97.25,1
59.75,10.75,151
25.25,-101.25,14
12.25,-86.75,17
1.25,-77.25,2
48.25,31.25,42
34.75,-102.25,12
40.25,-74.25,63
32.75,130.75,16
46.75,19.75,2
38.25,-1.25,2
32.25,74.25,3
31.75,117.25,1
33.75,-81.75,10
46.75,-117.25,60
-29.25,31.25,2
29.75,32.75,1
11.25,76.75,27
31.75,-106.25,14
-34.25,142.25,1
-3.75,-38.75,32
51.75,14.25,3
-33.75,115.25,1
-22.25,-44.25,1
41.25,-105.75,1
45.25,21.25,1
44.75,26.25,4
19.25,-69.75,1
52.25,-1.75,16
9.75,8.75,1
18.75,-103.75,1
-33.25,18.75,1
61.75,27.25,2
-10.75,-62.25,2
51.25,5.75,3
38.25,-98.75,16
10.25,123.25,1
35.75,-95.25,1
26.25,78.25,6
47.25,27.75,4
38.25,12.75,1
35.75,-108.75,1
51.25,-2.75,3
30.75,-91.25,6
45.25,-66.25,1
52.75,-1.75,18
4.75,101.75,1
-39.25,-71.75,3
12.25,18.75,1
35.25,-106.75,25
10.75,-74.75,48
45.25,-61.75,1
-21.25,-44.25,1
-3.25,114.75,22
39.25,29.25,1
-18.25,-70.25,33
-26.75,29.75,1
7.25,124.25,3
-27.75,153.25,1
36.25,-5.25,8
31.75,35.25,22
47.75,19.25,1
8.25,77.25,3
40.75,14.75,12
24.25,88.75,1
6.75,100.25,3
39.75,-0.25,3
35.75,-119.25,6
6.75,122.25,7
43.75,-96.75,7
52.75,-2.25,62
1.75,102.75,6
0.25,32.75,35
-27.75,-48.75,32
42.25,-89.25,6
39.75,44.75,1
57.75,12.75,10
35.75,104.25,60
-8.25,-78.75,5
-4.25,102.75,1
49.25,6.25,4
3.75,103.25,9
-31.75,115.75,2
50.25,8.25,7
52.25,-106.75,29
-14.25,-75.75,4
5.75,-55.25,2
41.25,-85.25,5
44.75,20.75,4
53.25,50.25,2
47.25,21.75,1
45.75,21.25,15
10.75,124.75,1
46.75,7.25,5
21.75,96.25,1
30.25,-81.25,1
-15.25,28.25,11
9.25,2.25,2
-23.25,-44.25,2
37.75,32.25,1
32.75,-103.25,2
29.75,71.75,1
52.25,16.75,4
35.75,-77.75,5
46.25,6.75,5
41.25,-95.75,16
34.75,32.25,1
-27.75,151.75,7
-21.75,-49.75,1
43.25,-93.25,3
43.75,-84.75,5
37.25,-7.75,5
36.25,-82.75,2
24.75,46.75,58
34.75,-81.25,1
9.25,76.75,2
3.75,98.75,83
36.75,67.25,1
33.75,-116.75,6
2.75,112.25,1
47.25,0.75,3
12.25,123.75,2
-20.75,-47.25,19
47.75,24.75,1
40.25,45.25,8
47.75,7.25,2
-28.25,21.25,2
15.25,-90.75,5
-38.25,144.25,16
8.75,-71.25,32
-20.25,-40.25,12
-4.25,-41.75,1
37.25,-120.25,2
55.75,-4.75,1
5.75,-73.25,4
53.25,14.75,1
24.75,79.75,1
-5.75,-78.75,2
28.25,-81.75,6
-33.25,-71.25,8
-4.75,38.25,9
47.75,-1.75,1
29.25,79.25,1
-34.25,23.25,12
32.25,-111.25,2
25.25,72.75,2
33.75,-97.25,16
31.25,73.25,6
30.25,-93.25,4
-26.75,-58.25,2
14.75,-90.25,9
37.75,-87.25,3
33.25,131.25,1
37.25,-8.25,2
34.25,-119.75,1
-32.25,-63.25,1
26.75,82.25,1
-24.75,28.25,1
-25.25,-57.75,30
-39.75,-73.25,21
-15.75,-39.25,1
36.25,-94.25,5
60.25,25.25,32
15.25,-15.25,1
43.75,11.25,2
53.25,23.25,1
44.75,-106.75,1
38.25,-90.25,31
2.25,103.25,4
16.75,74.25,6
53.75,-122.75,8
7.25,-73.25,44
35.75,51.25,25
-28.25,152.25,1
8.25,98.75,1
12.25,-1.75,1
37.75,14.75,1
37.75,-3.75,1
43.25,-87.75,30
27.25,-82.25,29
45.75,-75.25,5
10.25,76.75,1
48.75,4.75,1
56.25,12.75,10
-26.25,29.75,1
45.25,11.75,11
44.75,-88.25,7
46.25,20.25,2
41.75,14.75,3
19.75,-103.25,2
39.75,-75.75,2
26.25,83.25,1
-24.25,-52.25,1
23.25,88.25,1
-6.25,110.75,2
-7.75,111.75,17
-29.25,30.25,2
-22.75,-41.75,2
9.25,40.25,2
33.75,-80.25,1
53.75,21.25,1
64.75,-147.75,2
51.25,5.25,21
50.25,-5.75,1
38.25,-122.75,24
0.25,37.75,1
-23.25,-51.25,5
26.75,-81.75,29
24.25,78.25,1
10.25,-71.25,1
49.75,17.75,1
0.25,117.75,1
35.75,129.25,2
51.75,5.25,22
31.25,121.25,68
4.25,-74.25,2
34.75,0.25,1
11.25,-12.25,1
-37.75,-72.75,3
45.75,12.75,6
21.25,-100.75,1
-21.25,-48.25,1
27.75,90.25,4
-32.25,152.75,1
61.75,-6.75,1
20.75,-100.25,55
-17.75,-149.25,2
-27.25,-58.75,3
35.75,118.75,1
18.75,73.25,3
33.75,2.75,1
47.25,28.75,3
18.25,-99.75,1
52.75,4.75,9
41.75,15.75,1
-27.75,27.25,1
4.75,103.25,2
-22.25,-41.75,1
36.25,59.75,2
38.75,-76.25,15
60.75,24.25,1
1.25,104.25,2
37.25,13.75,3
15.75,121.25,8
34.75,113.75,1
16.75,-3.25,1
24.75,93.75,1
-13.25,34.25,2
41.25,15.75,3
40.75,71.25,1
3.25,117.75,2
26.75,83.25,1
33.75,71.75,1
35.75,24.25,6
-15.75,-50.25,2
31.75,34.25,5
13.75,75.75,3
32.25,36.25,25
16.75,82.25,4
30.25,78.75,4
49.25,1.25,11
50.75,5.25,6
-26.25,27.25,3
-41.25,175.25,1
42.25,-87.75,36
-6.75,107.25,12
30.75,-96.25,6
48.25,1.25,1
50.75,-120.25,11
-44.25,171.25,1
-10.75,-37.25,12
43.75,125.25,1
41.25,69.25,1
40.25,17.25,3
36.75,-87.25,6
34.25,132.25,1
41.25,-87.75,2
5.25,73.25,1
31.75,73.75,1
27.25,83.75,1
26.25,50.25,8
5.25,-72.25,3
9.25,-79.75,8
52.75,13.75,1
52.25,-0.25,2
42.25,-76.25,12
49.25,19.75,1
48.25,2.25,1
15.25,-86.25,36
42.75,-70.75,35
49.25,-2.25,14
25.75,90.25,1
-1.75,-50.75,1
44.75,-63.75,110
44.25,-96.75,2
36.75,-3.75,1
59.25,24.75,5
-33.25,151.25,1
31.75,-110.75,1
60.25,24.75,138
39.25,-88.25,1
12.75,76.25,1
7.75,8.75,1
37.75,23.25,1
34.75,-92.75,8
7.25,12.25,3
64.25,27.75,2
34.75,10.75,1
64.75,20.75,2
33.75,130.25,1
51.25,40.25,1
41.75,-71.25,119
15.75,100.75,93
44.25,-89.75,42
27.75,-80.25,16
62.75,7.25,2
28.25,83.75,5
31.25,30.25,3
65.25,25.25,10
-14.75,-39.25,2
7.25,125.25,1
21.25,-101.25,4
38.75,-7.75,1
-0.25,34.75,4
24.75,78.25,1
42.25,-2.25,2
-43.75,171.75,6
43.75,-71.25,1
43.75,-78.75,7
4.25,101.25,1
25.25,51.75,42
-28.25,153.75,1
29.25,48.25,4
-13.25,27.75,4
38.75,-8.75,5
30.25,-87.25,11
12.25,79.25,1
-32.25,-58.25,2
-19.75,-47.75,2
41.25,-73.25,15
39.25,27.75,1
44.75,4.75,1
37.25,28.25,2
56.25,15.75,2
55.75,12.25,4
50.75,0.75,1
-25.25,133.75,1538
-19.75,-43.75,35
-5.25,-44.25,1
4.25,-73.75,14
33.75,9.75,58
39.75,-119.75,16
15.75,-86.75,4
-38.75,-72.25,1
38.25,23.75,10
51.75,-4.25,4
39.25,-95.75,4
-7.75,113.25,10
-4.25,-39.25,1
17.25,-61.75,25
33.75,-83.75,3
41.75,-88.25,99
13.25,77.75,1
0.75,30.25,2
43.25,5.75,4
28.25,76.75,1
8.75,-80.75,58
23.75,58.75,19
18.25,-65.75,6
19.75,-70.75,3
48.25,11.25,37
1.25,32.25,19
23.75,-102.75,420
8.25,124.25,10
15.75,-88.25,1
39.75,-76.25,4
33.25,43.75,8
46.25,-119.25,1
-32.25,28.25,1
32.75,75.25,3
6.25,-71.75,1
3.75,98.25,4
15.75,74.75,12
-34.25,151.25,2
53.75,-6.25,2
-19.25,29.75,3
21.75,95.75,5
4.25,-76.25,8
11.25,14.25,2
14.75,-17.25,8
43.75,21.25,3
8.25,-82.25,3
44.75,13.75,1
32.75,-79.75,34
-0.75,-79.25,1
60.25,22.25,16
47.75,106.75,11
16.25,80.25,4
-27.75,25.25,5
9.75,78.25,3
59.25,15.25,7
-22.25,-45.75,1
23.25,85.25,3
37.75,27.75,1
-23.25,-47.75,2
32.25,-6.25,1
47.75,-97.25,2
35.75,-5.75,3
55.75,36.75,1
28.25,77.75,19
-3.25,36.75,2
45.25,-64.25,1
-7.25,-39.25,2
1.25,124.75,33
-30.75,26.75,1
-20.25,57.25,3
-11.75,-38.25,2
33.25,-117.25,15
26.75,85.75,1
52.25,-113.75,8
29.25,-95.25,1
36.25,44.25,4
39.25,117.25,1
58.25,8.75,4
47.25,5.75,1
-7.25,107.25,7
39.75,-104.75,265
37.75,-120.75,13
-33.25,-64.25,2
-21.25,-45.75,1
43.75,-116.25,22
-3.25,104.25,3
-0.75,37.25,1
42.75,-82.25,9
51.75,8.75,3
50.75,1.75,1
-25.75,27.25,4
38.75,16.75,1
-54.75,-68.25,1
40.25,17.75,1
-36.25,146.75,7
45.25,14.25,6
-16.75,29.75,1
19.75,-155.25,2
-21.75,-41.75,1
8.25,-76.25,2
19.75,-90.75,8
55.75,21.25,1
25.75,85.75,1
37.25,-4.75,1
60.75,10.75,1
10.75,123.25,15
38.75,-121.25,54
45.25,19.75,12
9.25,-67.25,1
42.75,-78.75,34
48.25,-122.25,42
13.25,103.75,4
48.75,9.25,13
40.75,-77.75,8
22.25,113.75,12
-20.25,-48.25,1
44.75,-123.25,33
27.75,77.75,2
-31.25,150.75,10
-25.75,27.75,2
46.25,-63.25,5
35.25,7.75,1
50.75,9.75,1
34.75,-95.75,1
-7.75,110.25,249
35.25,-86.25,1
-9.25,-75.25,74
-29.75,-50.75,1
37.75,29.25,1
18.75,-98.25,2
53.75,8.25,1
19.25,72.75,239
-34.75,-70.75,1
51.75,-1.25,11
40.75,-84.25,244
23.25,-109.75,6
-15.75,-47.25,8
42.75,-71.75,27
59.75,9.75,2
26.75,80.75,28
-6.75,-79.75,9
34.75,33.75,1
-21.75,-51.25,2
42.25,-73.25,1
43.25,-80.25,19
41.75,-74.25,1
36.25,138.25,65
36.25,-81.75,5
-7.25,110.25,31
-31.75,141.25,2
-31.75,-55.75,2
48.75,-123.25,1
60.75,23.75,2
14.75,103.25,2
40.25,26.25,1
16.25,120.75,30
-39.25,-67.25,1
48.75,-0.25,8
0.75,101.25,64
-16.25,-71.75,21
1.75,31.75,1
52.75,-6.75,1
51.75,-3.25,13
56.25,14.75,1
-0.25,37.75,72
11.25,-69.75,3
44.75,34.25,1
35.25,33.25,44
35.25,-0.75,2
45.75,-123.25,2
49.75,10.75,1
-8.25,113.25,5
40.25,47.25,3
-28.25,-52.25,1
33.75,-84.75,10
40.75,-82.75,6
48.75,6.25,4
31.25,-89.25,7
46.75,-100.75,3
36.75,48.25,1
26.25,68.25,1
43.25,5.25,14
44.25,26.25,57
44.25,-78.25,1
45.25,35.25,1
44.25,-76.25,1
36.75,-121.25,1
21.75,70.25,6
-0.25,100.25,13
52.25,9.25,1
15.25,102.25,1
38.75,35.25,40
35.25,139.75,7
-21.25,-42.25,1
29.25,-110.75,6
-8.25,111.75,7
54.75,57.75,1
45.25,38.75,2
54.25,18.75,2
58.25,-134.25,2
53.75,-6.75,1
44.75,10.75,7
41.75,-90.75,5
32.25,-116.75,1
28.25,79.25,3
1.75,10.25,5
41.25,69.75,2
6.75,116.75,1
30.25,-85.75,14
10.25,-64.75,120
54.25,48.25,1
12.25,-69.75,1
-27.25,25.25,7
-11.75,27.25,1
-5.25,-42.75,2
49.25,81.75,11
41.25,21.75,1
36.75,-6.25,2
40.25,-79.75,83
38.25,-0.75,10
-37.75,143.75,7
-22.75,-46.25,1
32.25,74.75,2
-6.25,105.75,2
-12.25,130.75,11
39.25,-74.75,1
17.75,-76.75,1
18.75,-69.75,3
46.25,19.75,1
51.25,8.25,14
38.25,-121.75,2
37.75,39.25,1
19.25,-102.25,2
-5.25,39.25,1
21.75,74.25,1
20.25,-100.75,3
39.75,22.25,1
-26.75,27.75,4
21.25,-71.25,1
12.25,-68.75,1
26.75,88.25,1
9.25,-70.25,11
9.75,76.75,5
25.25,81.75,6
50.75,6.25,10
-9.25,147.25,3
-20.75,-44.75,1
58.25,15.75,5
28.75,-106.25,10
11.75,-85.75,18
45.25,-63.25,5
27.75,84.25,4
-21.25,-49.75,1
35.75,139.25,2
32.75,-97.25,24
51.75,9.75,2
49.25,-122.75,127
13.25,121.25,2
45.25,26.75,1
21.25,81.75,5
34.25,-86.25,2
28.25,84.25,39
41.25,-111.75,4
-33.75,151.25,41
-27.75,29.75,65
45.25,27.75,1
37.25,-95.75,229
-7.25,112.75,314
-32.75,-62.25,2
24.25,54.25,121
49.25,5.75,2
45.25,5.75,7
40.25,-82.75,2
-1.25,-79.25,1
-0.75,-80.25,1
59.75,18.25,2
42.25,-92.25,50
8.25,124.75,16
-75.25,-0.25,7
42.25,14.25,6
17.75,8.25,1
49.25,-2.75,4
-26.25,27.75,19
51.75,-0.75,21
53.75,27.75,5
20.75,76.75,3
36.75,-2.25,2
41.25,-72.25,1
35.25,118.25,1
43.25,-75.25,66
35.75,-114.75,8
13.75,100.25,4
-8.25,113.75,8
9.25,99.25,1
-12.25,-38.75,1
27.25,95.25,1
5.25,115.75,3
66.75,25.75,1
43.25,-5.75,2
50.75,8.75,4
42.25,-82.75,3
27.25,79.25,1
37.25,35.25,3
7.75,80.75,78
38.75,-6.75,3
-39.25,176.75,2
50.75,6.75,15
28.25,-105.25,1
44.25,-121.25,2
47.75,23.75,1
-27.75,30.75,2
28.75,80.75,1
-51.75,-72.25,1
-21.75,-47.25,1
22.75,70.25,4
12.75,74.75,6
49.25,12.25,7
-32.25,148.75,1
45.25,-75.75,13
33.25,-8.75,1
-31.75,26.75,79
51.75,39.25,2
-19.25,146.75,18
41.25,-8.75,26
41.75,22.25,13
31.75,74.75,3
-34.25,-56.25,167
30.75,-110.25,1
50.25,19.25,3
-33.75,19.75,1
52.75,-7.25,1
23.75,86.75,3
-35.75,-71.75,201
7.75,-72.75,8
8.25,126.25,5
17.75,78.75,2
18.25,79.75,1
26.75,87.25,1
50.25,10.75,1
35.75,-79.75,2
-3.75,122.75,7
36.25,-86.25,1
42.25,-96.25,2
29.75,121.75,2
-31.25,118.25,1
34.75,-84.75,1
33.25,-88.75,1
-34.75,-58.25,221
6.25,106.75,1
31.25,-97.75,1
-26.25,31.25,3
-6.75,146.75,2
47.25,5.25,3
37.25,-122.25,44
43.25,-78.75,3
15.25,44.25,3
24.25,118.25,4
47.25,19.75,40
-20.25,-70.25,7
-22.25,24.75,2
44.25,12.25,4
25.25,-80.25,3
-23.25,26.75,1
16.25,-92.25,1
47.25,-1.75,12
40.25,-104.75,33
24.75,67.25,106
43.25,-89.75,4
10.75,-61.25,51
51.75,75.25,1
4.25,96.25,2
-33.25,-58.25,1
20.75,-97.25,2
2.25,99.75,3
36.25,128.25,1
47.25,19.25,36
55.25,10.75,1
5.25,115.25,5
37.75,127.75,1
-8.25,114.25,12
42.75,-83.25,121
40.75,-111.75,67
45.75,3.25,3
41.25,-96.25,1
53.25,-0.25,2
0.75,-79.75,2
44.75,-93.25,105
41.25,23.75,1
39.25,3.25,1
18.25,-64.75,43
19.75,-98.25,4
-30.75,-55.75,1
-20.25,-45.75,1
41.25,40.75,1
42.25,-84.25,15
15.75,48.75,1
29.75,77.75,4
-38.25,176.25,2
46.75,-113.75,32
-22.75,-43.25,168
42.25,19.75,2
34.75,-1.25,5
-9.75,-35.75,4
-30.75,121.25,1
43.25,13.25,3
-23.25,119.75,2
43.25,21.75,3
48.25,2.75,1
50.75,-0.75,8
34.25,-6.75,10
18.25,-68.75,1
10.25,-66.25,1
19.25,-99.75,32
41.25,-8.25,1
10.25,-67.75,19
40.75,-8.75,3
36.25,-115.25,215
-22.75,17.25,4
43.25,-85.75,1
40.25,-76.25,49
-9.25,124.75,1
11.25,77.25,5
23.75,111.75,1
-6.25,107.25,23
-30.75,-60.75,2
39.25,-75.25,9
50.25,-5.25,1
43.75,12.75,3
45.25,-74.75,50
51.75,1.25,1
-27.25,-52.25,1
49.75,-97.25,81
40.25,21.75,3
26.25,-98.25,189
47.75,-116.75,2
8.25,5.75,1
25.75,55.75,6
17.75,102.75,3
44.25,-93.25,4
-25.25,-130.25,1
30.75,73.25,2
-29.75,30.25,63
37.25,-5.75,19
36.25,-114.75,11
8.25,-80.75,3
42.25,-72.25,3
42.25,13.25,4
35.75,127.25,1
-38.25,-63.75,219
41.75,-0.75,11
-24.75,-65.25,2
-19.25,-57.75,1
33.25,-86.75,3
49.25,-123.25,36
15.25,-88.25,1
30.25,120.75,1
41.75,-8.25,6
34.25,-84.75,2
55.25,-4.75,10
-32.75,115.75,3
33.25,-112.25,88
51.25,16.25,2
57.25,9.75,4
13.75,108.25,1
-12.25,-76.75,2
32.75,-83.75,3
40.25,-83.25,12
42.75,13.75,2
26.75,-101.25,1
-6.75,110.25,123
27.25,49.75,1
42.75,-85.25,1
-26.75,28.25,5
51.25,-1.25,11
38.25,45.75,1
18.25,-66.75,103
7.25,171.25,1
48.25,-89.25,16
47.75,21.75,5
-2.75,140.75,8
35.75,-78.25,3
59.75,15.75,1
25.25,-77.25,5
40.75,21.25,1
50.75,15.25,1
-21.75,-43.25,6
-2.75,120.25,3
35.25,129.25,1
45.25,15.25,23
-29.75,30.75,5
4.25,101.75,823
44.25,9.75,1
-12.25,26.25,18
-28.75,32.25,6
42.25,-83.25,91
-9.75,-76.25,2
35.25,-80.75,67
-18.75,47.75,5
32.75,74.75,5
12.25,124.75,1
43.25,27.75,5
56.25,8.75,1
29.75,-90.25,33
43.25,-3.75,4
26.75,79.25,4
49.75,8.75,3
3.75,-56.25,4
61.25,42.25,1
32.25,-86.25,1
26.75,-80.25,121
31.75,120.75,1
31.25,34.25,1
11.75,42.75,2
41.25,122.75,1
65.75,29.25,1
51.25,7.25,7
-1.25,104.25,1
20.25,-98.25,1
18.75,98.75,9
25.75,50.75,23
40.75,-81.25,65
8.75,124.75,1
12.75,45.25,1
-0.25,100.75,1
46.25,5.25,1
51.25,6.25,4
-21.75,-46.75,3
-25.25,28.25,1
50.75,-119.25,1
-36.75,144.25,9
-33.75,150.25,3
-24.25,-46.25,3
25.25,68.25,95
-34.25,150.75,14
43.75,7.75,2
21.75,71.75,1
-27.25,152.75,2
42.25,19.25,6
37.25,38.75,1
48.25,-122.75,1
39.25,-123.25,1
26.25,91.75,13
-20.25,-43.25,1
17.25,78.25,3
15.25,108.75,1
45.25,4.25,2
-12.75,-38.75,16
33.75,-101.75,5
44.25,-91.75,4
-25.75,29.25,4
32.25,53.75,14
29.75,-98.75,1
31.25,77.25,5
45.75,25.75,4
5.25,-4.25,3
-4.25,119.75,2
34.25,108.75,5
55.75,9.75,5
25.25,78.75,2
8.75,77.75,4
-22.75,-47.25,33
23.75,86.25,5
14.25,122.75,1
35.75,4.75,1
51.25,10.25,201
36.75,127.25,1
8.25,-13.25,2
27.75,-110.75,1
44.75,-91.75,1
26.25,-97.75,1
52.75,-0.25,56
-23.75,-48.25,1
43.25,-70.25,1
12.75,100.75,6
54.75,-7.25,2
58.25,13.75,3
38.75,-90.75,13
28.25,-81.25,8
50.75,-1.25,72
46.75,-112.25,2
-32.25,116.25,1
47.75,8.75,1
20.75,-87.25,3
-29.25,-60.25,1
21.75,-104.75,3
40.25,27.75,2
43.75,144.25,1
33.75,-5.75,1
-22.75,-42.25,3
-26.25,28.25,397
6.75,80.25,3
-26.75,153.25,4
50.25,-119.25,5
52.75,-0.75,1
51.25,3.75,12
8.75,125.25,2
60.75,15.75,2
32.25,-114.75,5
-0.75,-80.75,2
45.25,21.75,1
50.75,3.75,2
26.75,75.75,23
0.25,34.75,2
10.75,-63.75,1
45.25,-75.25,1
40.75,35.75,2
5.75,-0.25,16
-25.25,33.75,1
23.25,112.75,1
30.25,74.75,4
5.75,-75.75,6
49.25,32.25,6
24.25,84.25,1
32.75,73.25,1
-30.25,30.75,2
39.75,-74.75,6
32.25,34.75,11
15.75,100.25,1
25.75,-103.25,7
33.75,-112.25,8
9.25,-74.25,1
28.75,77.75,2
50.75,10.75,5
23.25,72.75,46
43.75,3.75,8
-21.25,-47.25,2
-6.25,39.25,2
-10.75,35.25,1
44.75,-80.75,3
-26.75,29.25,1
27.25,88.25,3
51.25,-102.25,1
43.75,25.75,4
-37.75,144.75,55
-16.25,-39.25,58
-38.75,178.25,1
17.25,75.25,1
40.25,29.75,1
22.75,86.25,5
44.25,19.75,1
34.75,135.75,1
5.25,6.75,1
49.25,9.25,1
27.25,89.75,2
8.25,-75.75,34
41.75,-81.75,2
45.25,28.75,1
37.75,28.25,2
-3.25,119.25,4
-11.75,-39.25,1
40.25,44.75,1
36.75,-120.25,2
39.25,-96.75,2
43.75,19.75,1
31.75,-102.25,21
25.75,88.25,1
44.75,-79.25,1
41.75,44.75,15
5.25,95.75,1
-32.75,27.25,1
10.25,106.25,1
38.25,13.25,14
37.75,126.75,113
-20.25,57.75,25
44.75,20.25,51
32.25,-104.25,15
49.75,9.75,1
29.25,-81.25,9
5.25,-75.75,21
36.25,-77.75,7
27.25,80.25,1
11.75,102.75,1
36.25,114.25,1
9.75,-83.75,180
35.25,-81.25,3
9.25,7.25,24
-2.25,40.75,1
-20.25,118.75,1
-8.75,115.25,62
63.75,20.25,5
-23.25,-47.25,2
40.75,-73.25,92
43.25,17.75,1
-3.75,-49.75,1
44.25,10.25,11
37.75,127.25,4
47.25,8.75,40
28.75,-81.75,5
-25.75,-54.75,6
45.25,17.75,1
56.25,-106.25,963
29.25,66.75,1
-32.75,-70.75,2
44.25,23.75,2
37.25,-93.25,2
51.25,-3.25,89
3.25,-76.75,69
9.75,-69.25,2
-1.75,-78.75,1
59.25,13.75,5
33.75,-114.75,1
-6.25,106.75,1726
55.25,26.75,3
-45.75,-67.25,2
49.75,-112.75,13
10.75,122.75,62
32.75,-111.75,1
58.25,56.25,2
28.75,76.25,1
26.25,86.25,1
42.75,-72.25,1
30.25,-9.75,1
51.75,46.25,2
17.75,103.75,3
38.75,-93.75,1
49.25,-119.75,4
8.75,11.25,1
29.25,77.25,1
11.75,75.75,1
53.75,9.75,14
-0.75,131.25,2
2.25,45.25,2
25.25,60.75,1
56.25,89.75,2
10.25,-2.75,6
41.75,-72.25,1
51.25,13.25,1
43.25,11.25,6
-9.75,120.25,1
-14.25,-51.75,170
48.25,-123.25,3
54.75,23.75,1
64.75,-19.25,4
36.75,10.25,15
41.25,-104.75,3
-11.25,-75.75,1
22.75,120.25,6
52.25,21.25,11
11.25,-74.25,17
12.75,76.75,1
49.75,4.75,4
43.25,76.75,2
56.75,27.25,1
43.75,10.75,5
41.75,-87.75,556
14.25,121.25,29
6.25,5.75,1
27.75,41.75,1
45.75,-73.25,1
10.25,78.75,1
29.25,-94.75,1
-33.75,150.75,2
42.25,35.25,1
18.25,-66.25,36
54.75,25.25,7
-1.75,29.75,2
44.75,-90.25,1
12.25,-86.25,16
-30.75,151.75,3
53.25,7.25,2
40.25,-74.75,7
49.25,-123.75,21
16.75,-89.75,1
40.25,127.75,12
27.25,75.75,6
22.75,-81.75,1
13.75,-89.75,1
-26.75,31.25,1
-22.75,-42.75,2
21.75,83.25,1
61.75,25.75,194
10.25,-61.25,1
54.25,-2.75,6
40.75,-122.25,2
59.25,10.75,9
36.75,140.25,1
51.25,0.75,15
20.25,-99.75,3
0.25,37.25,3
53.25,8.75,6
23.25,-82.25,10
13.25,-87.75,8
-30.25,-54.75,4
32.25,-115.25,1
40.75,16.75,5
50.75,13.75,2
21.25,72.75,12
11.75,-72.75,2
37.25,55.25,1
22.25,-97.75,7
7.25,80.75,2
-19.25,29.25,11
32.25,13.25,2
-26.75,27.25,10
27.75,95.75,1
46.25,-1.25,3
-5.75,106.75,1
30.25,69.25,98
47.75,17.75,2
33.25,-111.75,54
48.25,66.75,7
44.25,-76.75,10
5.75,115.75,1
43.25,-112.25,1
37.25,22.25,2
-10.25,40.25,1
34.75,-98.25,2
-3.25,29.75,1
45.25,9.25,120
6.75,125.25,1
50.25,2.75,1
-26.25,-48.75,6
55.25,82.75,2
2.75,102.25,1
8.75,-79.75,89
35.25,-90.75,2
7.75,98.25,12
38.25,-0.25,15
-22.75,-48.25,1
25.75,80.25,2
5.75,116.75,1
54.25,-3.25,1
33.75,75.25,1
16.75,121.75,175
-5.25,-80.75,1
-0.25,117.25,38
-31.75,-60.75,18
-4.25,39.75,11
-35.25,-72.25,2
35.25,33.75,3
52.25,-4.75,1
26.25,17.25,6
45.75,9.75,12
19.75,-96.75,1
45.75,13.75,4
31.25,104.25,1
-12.75,-69.25,2
30.75,120.75,1
-25.25,30.25,3
-7.25,113.25,12
-28.25,-54.25,1
42.75,-74.25,156
12.75,-70.25,1
4.25,9.25,1
59.25,5.25,3
54.75,9.75,2
11.25,-1.25,1
48.75,7.75,7
0.25,-76.75,4
44.25,11.25,25
52.25,8.75,6
6.75,-58.25,2
39.75,-86.25,61
40.75,29.25,2
29.25,0.25,1
30.75,-88.25,5
38.75,-97.75,1
43.75,-83.75,2
-5.25,32.75,1
38.75,-99.25,2
33.75,133.75,1
44.25,-123.25,42
-41.25,-72.75,9
-23.75,133.75,4
-17.75,-41.75,1
28.25,-80.75,937
-5.25,119.75,2
44.75,8.75,3
49.75,2.25,1
-20.25,-51.25,2
60.25,24.25,3
42.75,18.75,1
36.75,-4.25,16
62.25,17.25,3
31.25,-92.25,56
12.75,78.25,7
46.25,-60.25,1338
36.25,120.25,3
-16.25,-40.75,1
19.75,75.25,3
9.75,99.75,3
-8.25,-35.25,2
49.25,-124.25,2
53.75,8.75,2
41.25,36.25,3
54.25,-4.75,19
-38.75,-68.25,6
51.25,12.25,9
-34.25,-70.75,6
8.75,-75.75,8
-54.25,-36.75,1
-6.25,38.75,1
31.75,-89.25,1
62.75,29.75,1
67.25,14.25,3
25.75,68.25,1
24.75,89.75,1
44.75,-75.75,3
43.25,-86.25,1
48.25,17.25,4
23.75,84.25,1
-20.25,28.75,2
20.25,79.25,5
24.25,74.75,1
29.25,78.75,1
25.25,73.25,73
60.75,17.25,2
33.25,-97.25,7
47.75,14.75,38
37.75,-87.75,8
36.75,29.75,1
34.25,-118.25,805
-22.75,14.75,3
43.25,141.25,1
5.75,5.75,1
41.25,1.25,6
45.25,10.75,13
6.25,79.75,2
4.75,9.25,1
12.75,-16.25,1
-20.25,-44.75,3
48.75,-122.25,11
12.75,77.75,183
53.25,6.75,23
-7.25,113.75,2
-18.75,-48.25,9
-32.25,-54.25,2
46.25,9.25,1
-27.25,-70.25,8
-22.75,-46.75,7
-7.75,35.75,1
41.75,-86.25,10
49.25,7.75,1
24.25,32.75,1
35.75,14.25,26
10.25,77.25,1
3.75,-53.25,1
21.75,55.75,21
20.75,-103.25,90
53.25,-8.25,228
37.25,-107.75,10
35.75,-96.25,1
-12.25,-38.25,2
40.25,-75.25,11
-10.25,-48.25,3
50.75,12.75,1
9.25,123.25,9
0.75,35.25,2
-4.75,-80.75,1
42.25,13.75,1
27.75,68.25,2
54.25,16.25,1
44.25,11.75,3
53.25,-6.75,1
37.25,-8.75,30
35.25,-101.75,2
30.25,77.25,1
11.25,75.75,1
38.25,-97.75,1
31.75,-7.25,23
24.25,78.75,2
-32.75,-55.75,33
-18.25,-50.25,1
61.25,23.75,14
39.75,-77.25,1
13.25,-89.25,1
35.25,128.75,1
45.25,8.25,1
-18.25,26.25,1
14.75,-23.75,1
-7.75,114.25,1
-27.75,-58.75,1
56.75,23.75,3
-7.25,-34.75,9
55.75,37.75,2
17.75,83.25,10
-18.75,35.75,2
43.25,-83.75,6
18.75,73.75,98
47.75,7.75,16
-4.25,35.75,1
31.75,-116.75,1
52.25,-4.25,6
54.75,9.25,2
30.75,76.75,28
35.25,-77.25,1
9.25,5.25,1
34.75,-82.25,1
42.25,14.75,1
-20.75,-51.25,1
19.75,102.25,19
19.75,-102.25,1
39.25,9.25,6
38.75,-76.75,21
-38.75,-62.25,7
38.75,-94.75,14
-29.25,-66.75,3
45.75,-118.75,1
16.75,-93.25,6
5.75,118.25,7
34.25,62.25,2
22.25,87.25,4
31.75,34.75,1
16.75,120.25,1
-5.75,-35.25,8
41.75,-73.25,2
44.25,8.25,1
-28.25,24.75,1
49.75,18.75,1
22.25,88.75,1
41.75,1.25,1
-6.75,109.25,9
-31.75,-52.25,3
33.25,-84.75,1
-33.75,-70.75,10
43.25,23.25,18
-8.75,116.25,23
39.75,-76.75,38
2.75,-75.25,4
-6.75,106.75,162
28.25,-15.75,1
35.75,140.25,3
11.75,-70.25,1
-34.25,19.25,5
-6.25,106.25,16
-27.25,153.25,368
43.25,-79.75,3
-8.75,121.75,1
8.75,123.25,2
-10.75,-40.25,1
50.75,0.25,6
-0.75,-78.75,2
46.25,-122.75,4
36.75,-4.75,10
41.75,2.25,10
35.75,-120.75,3
40.25,49.75,37
-20.75,-42.75,1
47.75,-122.25,283
-32.75,-60.75,12
15.75,32.75,5
-29.75,-57.25,1
42.25,-76.75,1
39.25,-108.25,2
39.25,16.25,2
24.25,120.75,4
43.75,7.25,15
49.75,14.25,1
-30.75,22.75,732
-23.25,-44.75,1
-24.75,25.25,7
-26.75,-55.25,1
32.75,13.25,11
41.25,-88.75,234
-21.75,-48.25,2
27.25,-109.75,3
44.25,21.25,29
19.75,73.75,8
48.25,-81.25,1
39.75,44.25,1
14.75,-91.25,12
-6.25,143.75,4
-15.25,-49.25,2
46.25,6.25,10
51.75,14.75,4
41.75,-71.75,24
30.25,-86.75,4
-25.75,32.75,3
29.25,-81.75,1
-12.25,-77.25,11
12.25,-61.75,4
37.75,-4.75,3
7.75,-74.75,1
4.75,8.25,2
-16.25,-48.75,1
42.25,-92.75,1
41.25,-97.25,66
53.25,6.25,5
25.75,69.25,1
-8.25,115.25,4
6.25,102.25,7
52.25,-0.75,43
5.75,80.75,1
43.75,-79.25,1334
4.25,100.75,3
-9.25,-40.75,4
40.25,-8.25,6
-33.25,-70.75,12
22.25,91.75,10
-23.75,-46.25,31
23.75,91.25,5
41.75,12.25,1
18.75,72.75,3
11.25,125.25,1
35.75,0.25,1
-23.25,-58.25,44
47.25,18.25,1
31.75,-106.75,1
34.25,64.25,1
39.25,-84.25,41
4.75,-58.75,8
42.25,18.75,1
33.75,131.25,2
42.25,-122.75,23
27.25,33.75,4
39.25,-94.25,3
19.75,99.75,1
41.75,-88.75,1
6.25,107.25,1
-1.25,36.75,164
21.75,72.25,3
8.25,-73.25,2
25.75,-100.25,100
45.75,-74.25,1
51.25,-114.25,215
38.75,1.25,4
35.75,-86.25,3
40.25,18.25,5
3.25,73.25,159
41.25,20.25,9
-38.25,145.25,16
47.25,17.25,4
45.25,11.25,1
5.25,100.75,3
50.25,3.25,1
-4.25,15.25,4
23.25,91.25,2
-34.25,18.25,2
15.75,120.75,2
26.25,92.75,1
29.75,106.75,2
50.75,5.75,16
57.75,11.75,31
-2.75,112.75,1
16.75,-99.75,8
6.25,124.75,6
41.25,-77.25,5
49.75,-124.75,3
41.75,44.25,1
37.25,27.25,1
-23.25,-51.75,8
18.75,-68.25,3
26.25,81.25,1
-18.25,178.25,14
52.25,4.25,52
45.75,11.75,4
-3.25,40.25,2
22.75,-109.75,3
44.25,28.75,3
37.75,-122.75,1
-21.25,-48.75,2
9.75,43.25,1
22.25,-100.75,12
-33.25,27.75,23
33.75,-111.75,26
20.75,-101.25,5
13.25,123.25,1
21.75,-79.25,1
46.75,15.75,2
-19.75,-44.25,10
-51.75,-69.25,1
25.75,-99.75,1
-25.25,27.25,1
44.25,9.25,2
44.75,7.75,4
11.25,5.25,4
-23.75,-46.75,273
19.75,-80.75,8
48.75,21.25,2
52.25,0.75,3
37.75,15.25,1
39.25,-86.25,1
2.75,99.25,2
-15.25,-47.75,1
4.75,7.25,7
20.25,85.75,16
15.75,120.25,1
40.75,46.25,1
4.25,73.75,65
21.25,39.75,1
36.75,-95.75,1
44.25,6.25,1
50.75,-0.25,6
-11.75,-75.25,1
4.75,6.25,1
22.25,114.25,254
47.25,24.75,1
40.75,-4.75,1
53.75,-113.25,131
39.25,-76.25,76
39.75,-88.75,8
41.75,-93.75,5
45.75,1.25,4
40.25,-85.25,1
23.25,81.25,1
56.25,9.75,73
38.75,-121.75,2
-34.75,-55.75,2
-28.75,-51.25,1
16.25,108.25,2
51.75,4.75,17
47.25,11.25,6
33.75,-78.75,7
3.75,101.75,1
23.75,45.25,64
40.75,-78.25,2
-27.25,-55.75,2
-17.75,-52.75,1
36.75,15.25,1
33.25,-96.75,3
41.75,-91.75,11
43.75,18.25,9
39.75,-83.25,2
-41.25,173.25,6
-29.25,26.75,1
43.75,-92.75,147
51.25,13.75,7
18.75,-70.25,74
53.25,-1.75,2
50.25,-125.25,3
41.75,22.75,1
49.75,15.25,31
45.75,-108.75,3
31.75,76.75,1
37.25,-89.75,1
2.25,111.75,6
34.75,138.25,2
33.75,-7.75,28
37.25,15.25,11
22.25,69.75,1
-6.75,111.25,9
-6.75,-38.25,1
-20.75,139.25,3
64.25,-51.75,2
45.75,-72.75,1
-10.75,-77.75,1
-11.25,33.75,2
-29.25,26.25,19
39.25,-120.25,1
43.25,-80.75,58
39.25,-0.25,5
50.75,-114.25,2
36.25,-80.25,14
61.25,21.75,3
23.25,77.25,12
53.25,-3.75,3
-21.25,-41.75,2
-28.25,28.25,12
-53.25,-70.75,6
51.25,-0.25,35
35.75,137.75,5
-21.75,-45.75,3
41.75,-70.25,3
48.25,37.75,1
41.25,19.75,16
-23.25,-45.75,1
23.75,-103.25,1
21.75,87.75,1
-32.75,-68.75,17
52.25,-2.25,3
31.75,-81.75,1
-15.75,-43.75,1
-7.25,-78.75,3
56.25,-2.75,1
25.25,83.25,9
34.25,71.75,4
12.75,121.75,1575
50.75,14.75,2
31.25,72.75,1
39.75,116.75,1
40.25,116.25,1
19.75,-101.25,7
-0.25,109.25,50
44.75,-89.75,2
4.75,101.25,15
30.25,-84.25,12
3.75,-76.25,1
5.25,-74.25,4
4.75,100.75,12
17.75,121.75,4
34.25,-117.25,21
43.75,17.75,6
36.75,-121.75,65
37.75,-121.75,205
15.25,102.75,1
-33.25,149.75,5
45.75,6.25,1
49.25,4.25,1
45.25,10.25,4
24.75,91.75,4
15.75,-87.75,3
46.25,2.25,268
-16.75,145.75,26
53.25,5.75,10
42.25,-123.25,1
6.75,-73.25,1
4.25,97.75,1
35.25,-120.75,10
14.75,75.25,3
51.75,4.25,10
-22.75,-44.25,1
-1.25,-48.75,6
46.25,21.25,2
-30.75,30.25,4
53.25,-2.25,52
30.75,36.25,54
26.25,89.25,1
39.75,20.75,3
52.25,4.75,42
20.75,-89.75,3
-18.75,-47.25,2
36.75,14.75,4
3.75,11.75,5
38.25,-104.75,3
44.25,1.25,3
-6.25,-44.25,2
29.25,58.25,1
46.75,21.75,1
-18.75,-39.75,1
44.25,-77.75,2
45.25,-72.75,1
30.75,104.25,3
28.25,69.75,4
40.25,-75.75,49
30.25,78.25,8
59.25,17.75,7
31.75,-110.25,4
31.75,75.25,1
-16.25,-63.75,31
43.25,-123.25,2
59.75,10.25,2
34.25,-97.25,2
8.75,-12.75,1
27.25,74.75,1
